movie_id,director_1,director_2,writer_1,writer_2,editor_1,editor_2,producer_1,producer_2,composer_1,main_actor_1,main_character_1,main_actor_2,main_character_2,main_actor_3,main_character_3
370172,Cary Joji Fukunaga,,Robert Wade,Neal Purvis,Elliot Graham,Tom Cross,Barbara Broccoli,Michael G. Wilson,Hans Zimmer,Daniel Craig,James Bond,Léa Seydoux,Dr. Madeleine Swann,Rami Malek,Lyutsifer Safin
158282,Marcelo Masagão,,,,,,,,,Márcio Camargo,,Sergio Capezzuto,,Giseli Duarte,
389,Sidney Lumet,,Reginald Rose,,Carl Lerner,,Henry Fonda,Reginald Rose,Kenyon Hopkins,Martin Balsam,Juror 1,John Fiedler,Juror 2,Lee J. Cobb,Juror 3
1280,Kim Ki-duk,,Kim Ki-duk,,Kim Ki-duk,,Kim Ki-duk,Suh Young-joo,Slvian,Lee Seung-yeon,Sun-hwa,Jae Hee,Tae-suk,Hyuk-ho Kwon,Min-gyu
2009,Cristian Mungiu,,Cristian Mungiu,,Dana Bunescu,,Cristian Mungiu,Oleg Mutu,,Anamaria Marinca,Otilia,Laura Vasiliu,Găbiță,Vlad Ivanov,Domnu' Bebe
19913,Marc Webb,,Scott Neustadter,Michael H. Weber,Alan Edward Bell,,Steven J. Wolfe,Mason Novick,Mychael Danna,Joseph Gordon-Levitt,Tom Hansen,Zooey Deschanel,Summer Finn,Chloë Grace Moretz,Rachel Hansen
268536,Jonathan Demme,,Wallace Shawn,,Tim Squyres,,Wallace Shawn,Andre Gregory,,Wallace Shawn,Halvard Solness,Julie Hagerty,Mrs. Solness,Larry Pine,Dr. Herdal
16804,Yojiro Takita,,Kundô Koyama,,Akimasa Kawashima,,Toshiaki Nakazawa,Ichirô Nobukuni,Joe Hisaishi,Masahiro Motoki,Daigo Kobayashi,Ryoko Hirosue,Mika Kobayashi,Tsutomu Yamazaki,Ikuei Sasaki
63311,Pedro Almodóvar,,Pedro Almodóvar,,José Salcedo,,Esther García,Agustín Almodóvar,Alberto Iglesias,Antonio Banderas,Dr. Robert Ledgard,Elena Anaya,Vera Cruz,Marisa Paredes,Marilia
506815,Kevin Goetz,Michael Goetz,,,Kindra Marra,,Kevin Goetz,Dan Clifton,,Alycia Debnam-Carey,Frances Campbell,Brenton Thwaites,Norman Young,Claire Holt,Abbey Campbell
40044,Richard Thorpe,,Cyril Hume,,Frank Sullivan,Gene Ruggiero,Sam Zimbalist,,,Johnny Weissmüller,Tarzan,Maureen O'Sullivan,Jane Parker,Johnny Sheffield,Boy
585378,Kogonada,,,,Kogonada,,Paul S. Mezey,Caroline Kaplan,Aska Matsumiya,Colin Farrell,Jake,Jodie Turner-Smith,Kyra,Malea Emma Tjandrawidjaja,Mika
420817,Guy Ritchie,,Guy Ritchie,John August,James Herbert,,Dan Lin,Jonathan Eirich,Alan Menken,Will Smith,Genie / Mariner,Mena Massoud,Aladdin,Naomi Scott,Jasmine
73873,Rodrigo García,,Glenn Close,John Banville,,,Glenn Close,Bonnie Curtis,Brian Byrne,Glenn Close,Albert Nobbs,Mia Wasikowska,Helen Dawes,Aaron Taylor-Johnson,Joe Mackins
891,Alan J. Pakula,,William Goldman,,Robert L. Wolfe,,Walter Coblenz,,David Shire,Dustin Hoffman,Carl Bernstein,Robert Redford,Bob Woodward,Martin Balsam,Howard Simons
24684,Lone Scherfig,,Nick Hornby,,Barney Pilling,,Amanda Posey,Finola Dwyer,Paul Englishby,Carey Mulligan,Jenny Mellor,Peter Sarsgaard,David Goldman,Dominic Cooper,Danny
61891,Roland Emmerich,,,,Peter R. Adam,,Larry J. Franco,Roland Emmerich,Harald Kloser,Jamie Campbell Bower,Young Earl of Oxford,Rhys Ifans,Edward de Vere,David Thewlis,William Cecil
24243,Laís Bodanzky,,Luiz Bolognesi,,Daniel Rezende,,,,,Francisco Miguez,Mano,Gabriela Rocha,Carol,Fiuk,Pedro
299534,Anthony Russo,Joe Russo,Christopher Markus,Stephen McFeely,Jeffrey Ford,Matthew Schmidt,Kevin Feige,,Alan Silvestri,Robert Downey Jr.,Tony Stark / Iron Man,Chris Evans,Steve Rogers / Captain America,Mark Ruffalo,Bruce Banner / Hulk
46647,Cláudio Assis,,Hilton Lacerda,,,,,,,Fernando Teixeira,Heitor,Caio Blat,Cícero,Matheus Nachtergaele,Everardo
16876,Guy Ferland,,,,Jill Savitt,,Paul Hellerman,Deboragh Gabler,,Tom Cavanagh,Val Duncan,Ben Foster,Trevor Adams,Randy Harrison,Sean
451915,Felix van Groeningen,,Luke Davies,Felix van Groeningen,Nico Leunen,,Brad Pitt,Dede Gardner,,Steve Carell,David Sheff,Timothée Chalamet,"Nicholas ""Nic"" Sheff",Maura Tierney,Karen Barbour
10020,Gary Trousdale,Kirk Wise,Linda Woolverton,,John Carnochan,Bill Wilner,Don Hahn,Sarah McArthur,Alan Menken,Paige O'Hara,Belle (voice),Robby Benson,Beast (voice),Richard White,Gaston (voice)
777270,Kenneth Branagh,,,,Úna Ní Dhonghaíle,,Kenneth Branagh,Celia Duval,Van Morrison,Jude Hill,Buddy,Caitríona Balfe,Ma,Jamie Dornan,Pa
898,John Frankenheimer,,Guy Trosper,,Edward Mann,,Guy Trosper,Stuart Millar,Elmer Bernstein,Burt Lancaster,Robert Stroud,Karl Malden,Harvey Shoemaker,Thelma Ritter,Elizabeth Stroud
8338,Fernando Meirelles,,Don McKellar,,Daniel Rezende,,Niv Fichman,Andrea Barata Ribeiro,Marco Antônio Guimarães,Julianne Moore,Doctor's Wife,Mark Ruffalo,Doctor,Alice Braga,Woman with dark glasses
4995,Paul Thomas Anderson,,,,Dylan Tichenor,,John S. Lyons,Lloyd Levin,Michael Penn,Mark Wahlberg,Eddie Adams / Dirk Diggler,Julianne Moore,Amber Waves,Burt Reynolds,Jack Horner
62177,Brenda Chapman,Mark Andrews,Irene Mecchi,Brenda Chapman,,,Katherine Sarafian,,Patrick Doyle,Kelly Macdonald,Merida (voice),Billy Connolly,Fergus (voice),Emma Thompson,Elinor (voice)
296098,Steven Spielberg,,,,Michael Kahn,,Steven Spielberg,Marc Platt,Thomas Newman,Tom Hanks,James B. Donovan,Mark Rylance,Rudolf Abel,Amy Ryan,Mary Donovan
398818,Luca Guadagnino,,James Ivory,,Walter Fasano,,James Ivory,Howard Rosenman,Sufjan Stevens,Timothée Chalamet,Elio Perlman,Armie Hammer,Oliver,Michael Stuhlbarg,Samuel Perlman
517814,Nadine Labaki,,,,Laure Gardette,Konstantin Bock,Michel Merkt,Khaled Mouzanar,Khaled Mouzanar,Zain Al Rafeea,Zain,Yordanos Shifera,Rahil,Boluwatife Treasure Bankole,Yonas
267,Pedro Almodóvar,,Pedro Almodóvar,Jorge Guerricaechevarría,José Salcedo,,Esther García,Agustín Almodóvar,Alberto Iglesias,Liberto Rabal,Víctor Plaza,Francesca Neri,Elena,Javier Bardem,David
10515,Hayao Miyazaki,,,,Takeshi Seyama,Yoshihiro Kasahara,Isao Takahata,Toshio Suzuki,Joe Hisaishi,Keiko Yokozawa,Sheeta (voice),Mayumi Tanaka,Pazu (voice),Minori Terada,Muska (voice)
2255,Kevin Smith,,Kevin Smith,,Kevin Smith,Scott Mosier,Scott Mosier,,David Pirner,Ben Affleck,Holden McNeil,Joey Lauren Adams,Alyssa Jones,Jason Lee,Banky Edwards
83542,Tom Tykwer,Lilly Wachowski,Tom Tykwer,Lilly Wachowski,Alexander Berner,Claus Wehlisch,Tom Tykwer,Stefan Arndt,Johnny Klimek,Tom Hanks,Dr. Henry Goose / Hotel Manager / Isaac Sachs / Dermot Hoggins / Cavendish Look-a-Like Actor / Zachry,Halle Berry,Native Woman / Jocasta Ayrs / Luisa Rey / Indian Party Guest / Ovid / Meronym,Jim Broadbent,Captain Molyneux / Vyvyan Ayrs / Timothy Cavendish / Korean Musician / Prescient 2
22794,Phil Lord,Christopher Miller,Phil Lord,Christopher Miller,Robert Fisher Jr.,,Chris Juen,Pam Marsden,Mark Mothersbaugh,Bill Hader,Flint Lockwood / FLDSMDFR (voice),Anna Faris,Sam Sparks (voice),James Caan,Tim Lockwood (voice)
39538,Steven Soderbergh,,Scott Z. Burns,,Stephen Mirrione,,Michael Shamberg,Stacey Sher,Cliff Martinez,Marion Cotillard,Leonora Orantes,Matt Damon,Mitch Emhoff,Laurence Fishburne,Ellis Cheever
139848,Jean-François Brient,,,,,,,,,,,,,,
152532,Jean-Marc Vallée,,,,Jean-Marc Vallée,Martin Pensa,Robbie Brenner,Rachel Winter,,Matthew McConaughey,Ron Woodroof,Jennifer Garner,Dr. Eve Saks,Jared Leto,Rayon
104153,Jon Blair,,Jon Blair,,,,,,,,,,,,
582,Florian Henckel von Donnersmarck,,Florian Henckel von Donnersmarck,,Patricia Rommel,,Max Wiedemann,Quirin Berg,Gabriel Yared,Martina Gedeck,Christa-Maria Sieland,Ulrich Mühe,Gerd Wiesler,Sebastian Koch,Georg Dreyman
74308,Tony Kaye,,,,Barry Alexander Brown,Geoffrey Richman,Greg Shapiro,Carl Lund,,Adrien Brody,Henry Barthes,Sami Gayle,Erica,Christina Hendricks,Ms. Sarah Madison
447404,Rob Letterman,,Rob Letterman,Derek Connolly,Mark Sanger,James Thomas,Cale Boyter,Mary Parent,Henry Jackman,Justice Smith,Tim Goodman,Ryan Reynolds,Detective Pikachu (voice),Kathryn Newton,Lucy Stevens
1832,Kevin Smith,,,,Kevin Smith,Scott Mosier,Scott Mosier,,Howard Shore,Ben Affleck,Bartleby,Matt Damon,Loki,Linda Fiorentino,Bethany Sloane
646380,Adam McKay,,Adam McKay,,Hank Corwin,,Adam McKay,Kevin J. Messick,Nicholas Britell,Jennifer Lawrence,Kate Dibiasky,Leonardo DiCaprio,Dr. Randall Mindy,Meryl Streep,President Orlean
141,Richard Kelly,,Richard Kelly,,Sam Bauer,Eric Strand,Adam Fields,Sean McKittrick,Michael Andrews,Jake Gyllenhaal,Donnie Darko,Jena Malone,Gretchen Ross,James Duval,Frank
372754,Shouko Nakamura,,,,Shigeru Nishiyama,,Shizuka Kurosaki,,Kotaro Oshio,Kenji Nojima,Rihito Sajo (Voice),Hiroshi Kamiya,Hikaru Kusakabe (Voice),Hideo Ishikawa,Manabu Hara (Voice)
172533,Joe Swanberg,,,,Joe Swanberg,,Joe Swanberg,Alicia Van Couvering,,Olivia Wilde,Kate,Jake Johnson,Luke,Anna Kendrick,Jill
580175,Thomas Vinterberg,,Thomas Vinterberg,Tobias Lindholm,Janus Billeskov Jansen,Anne Østerud,Sisse Graum Jørgensen,Kasper Dissing,,Mads Mikkelsen,Martin,Thomas Bo Larsen,Tommy,Lars Ranthe,Peter
438631,Denis Villeneuve,,Eric Roth,Denis Villeneuve,Joe Walker,,Joseph M. Caracciolo Jr.,Cale Boyter,Hans Zimmer,Timothée Chalamet,Paul Atreides,Rebecca Ferguson,Lady Jessica Atreides,Oscar Isaac,Duke Leto Atreides
23619,Giulio Manfredonia,,Fabio Bonifacci,Giulio Manfredonia,,,Angelo Rizzoli Jr.,,,Claudio Bisio,Nello,Anita Caprioli,Sara,Giuseppe Battiston,Dottor Federico Furlan
15044,Philip Martin,,,,,,Paola Villanueva Bidault,,,David Tennant,Arthur Eddington,Richard McCabe,Frank Dyson,Andy Serkis,Albert Einstein
1807,Gus Van Sant,,Gus Van Sant,,Gus Van Sant,,Dany Wolf,,,Alex Frost,Alex,Eric Deulen,Eric,John Robinson,John McFarland
497582,Harry Bradbeer,,Jack Thorne,,Adam Bosman,,Alex Garcia,Mary Parent,Daniel Pemberton,Millie Bobby Brown,Enola Holmes,Henry Cavill,Sherlock Holmes,Sam Claflin,Mycroft Holmes
209263,Nicole Holofcener,,,,Robert Frazen,,Anthony Bregman,Stefanie Azpiazu,Marcelo Zarvos,Julia Louis-Dreyfus,Eva,James Gandolfini,Albert,Catherine Keener,Marianne
8841,Laurent Cantet,,Laurent Cantet,Robin Campillo,Robin Campillo,Stephanie Leger,Carole Scotta,Simon Arnal,,François Bégaudeau,"François Marin, head teacher",Arthur Fogel,"Arthur, student",Damien Gomes,"Damien, student"
72660,Daniel Ribeiro,,,,Cristian Chinen,,Daniel Ribeiro,Diana Almeida,Tatá Aeroplano,Ghilherme Lobo,Leonardo,Tess Amorim,Giovana,Fábio Audi,Gabriel
234284,Yasuhiro Yoshiura,,Yasuhiro Yoshiura,,,,Tom Nagae,,Toru Okada,Jun Fukuyama,Rikuo (voice),Rie Tanaka,Sammy (voice),Kenji Nojima,Masakazu Misaki (voice)
4193,Guy Hamilton,,Anthony Shaffer,,Richard Marden,,John Brabourne,Richard B. Goodwin,,Peter Ustinov,Hercule Poirot,Jane Birkin,Christine Redfern,Nicholas Clay,Patrick Redfern
345,Stanley Kubrick,,Stanley Kubrick,Frederic Raphael,Nigel Galt,,Stanley Kubrick,Brian W. Cook,Jocelyn Pook,Tom Cruise,Dr. William 'Bill' Harford,Nicole Kidman,Alice Harford,Sydney Pollack,Victor Ziegler
458737,Paul Schrader,,Paul Schrader,,Ben Rodriguez Jr.,,Christine Vachon,Jack Binder,Brian Williams,Ethan Hawke,Pastor Ernst Toller,Amanda Seyfried,Mary Mensana,Cedric the Entertainer,Pastor Joel Jeffers
109445,Chris Buck,Jennifer Lee,Jennifer Lee,,Jeff Draheim,,Peter Del Vecho,,Christophe Beck,Kristen Bell,Anna (voice),Idina Menzel,Elsa (voice),Jonathan Groff,Kristoff (voice)
315837,Rupert Sanders,,Ehren Kruger,Jamie Moss,Neil Smith,Billy Rich,Avi Arad,Steven Paul,,Scarlett Johansson,Major Mira Killian / Motoko Kusanagi,Takeshi Kitano,Chief Daisuke Aramaki,Michael Pitt,Kuze / Hideo
5279,Robert Altman,,,,Tim Squyres,,Robert Altman,David Levy,Patrick Doyle,Maggie Smith,Constance Trentham,Michael Gambon,William McCordle,Kristin Scott Thomas,Sylvia McCordle
49047,Alfonso Cuarón,,,,Alfonso Cuarón,Mark Sanger,David Heyman,Alfonso Cuarón,Steven Price,Sandra Bullock,Dr. Ryan Stone,George Clooney,Lt. Matt Kowalski,Ed Harris,Mission Control (voice)
556574,Thomas Kail,,,,Jonah Moran,,Jeffrey Seller,Lin-Manuel Miranda,,Lin-Manuel Miranda,Alexander Hamilton,Leslie Odom Jr.,Aaron Burr,Renée Elise Goldsberry,Angelica Schuyler
11787,Henry Koster,,Oscar Brodney,Myles Connolly,Ralph Dawson,,John Beck,,Frank Skinner,James Stewart,Elwood P. Dowd,Josephine Hull,Veta Louise Dowd Simmons,Charles Drake,Dr. Sanderson
152601,Spike Jonze,,,,Jeff Buchanan,Eric Zumbrunnen,Spike Jonze,Vincent Landay,Owen Pallett,Joaquin Phoenix,Theodore Twombly,Scarlett Johansson,Samantha (voice),Amy Adams,Amy
376865,Claire Denis,,Claire Denis,Jean-Pol Fargeau,Guy Lecorne,,Christoph Friedel,Claudia Steffen,Tindersticks,Robert Pattinson,Monte,Juliette Binoche,Dibs,André 3000,Tcherny
237791,Daniel Ribeiro,,Daniel Ribeiro,,Cristian Chinen,,Daniel Ribeiro,Diana Almeida,,Ghilherme Lobo,Leonardo,Fábio Audi,Gabriel,Tess Amorim,Giovana
103328,Leos Carax,,,,Nelly Quettier,,Martine Marignac,Maurice Tinchant,,Denis Lavant,M. Oscar / Le banquier / La mendiante / L'OS de Motion-Capture / M. Merde / Le père / L'accordéoniste / Le tueur / Le tué / Le mourant / L'homme au foyer,Edith Scob,Céline,Eva Mendes,Kay M
205,Terry George,,Terry George,Keir Pearson,Naomi Geraghty,,Terry George,A. Kitman Ho,Rupert Gregson-Williams,Don Cheadle,Paul Rusesabagina,Sophie Okonedo,Tatiana Rusesabagina,Nick Nolte,Colonel Oliver
10191,Chris Sanders,Dean DeBlois,Chris Sanders,Dean DeBlois,Maryann Brandon,Darren T. Holmes,Bonnie Arnold,,John Powell,Jay Baruchel,Hiccup  Horrendous Haddock III (voice),Gerard Butler,Stoick the Vast (voice),Craig Ferguson,Gobber the Belch (voice)
9685,Burr Steers,,,,William M. Anderson,Padraic McKinley,Marco Weber,Lisa Tornell,Uwe Fahrenkrog-Petersen,Kieran Culkin,"Jason ""Igby"" Slocumb, Jr.",Claire Danes,Sookie Sapperstein,Jeff Goldblum,D.H. Banes
8321,Martin McDonagh,,Martin McDonagh,,Jon Gregory,,Graham Broadbent,Peter Czernin,Carter Burwell,Colin Farrell,Ray,Brendan Gleeson,Ken Daley,Ralph Fiennes,Harry Waters
454286,Michael Mason,,,,,,David A.R. White,Elizabeth Hatcher-Travis,Pancho Burgos-Goizueta,David A.R. White,Pastor Dave,John Corbett,Pearce,Jennifer Taylor,Meg Harvey
171274,Paul Thomas Anderson,,,,Leslie Jones,,Paul Thomas Anderson,Daniel Lupi,Jonny Greenwood,Joaquin Phoenix,"Larry ""Doc"" Sportello",Josh Brolin,"Lt. Det. Christian F. ""Bigfoot"" Bjornsen",Owen Wilson,Coy Harlingen
5915,Sean Penn,,Sean Penn,,Jay Cassidy,,Art Linson,Sean Penn,Michael Brook,Emile Hirsch,Christopher McCandless / Alexander Supertramp,Marcia Gay Harden,Billie McCandless,William Hurt,Walt McCandless
31442,Andrei Tarkovsky,,Andrei Konchalovsky,,Lyudmila Feiginova,,,,,Nikolay Burlyaev,Ivan Bondarev,Valentin Zubkov,Captain Kholin,Nikolay Grinko,Lieutnant Colonel Gryaznov
12545,Norman Jewison,,Norman Jewison,Melvyn Bragg,Antony Gibbs,,Robert Stigwood,Norman Jewison,Andrew Lloyd Webber,Ted Neeley,Jesus Christ,Carl Anderson,Judas Iscariot,Yvonne Elliman,Mary Magdalene
100,Guy Ritchie,,Guy Ritchie,,Niven Howie,,Matthew Vaughn,,John Murphy,Jason Flemyng,Tom,Dexter Fletcher,Soap,Nick Moran,Eddie
546554,Rian Johnson,,,,Bob Ducsay,,Rian Johnson,Ram Bergman,Nathan Johnson,Daniel Craig,Benoit Blanc,Chris Evans,Ransom Drysdale,Ana de Armas,Marta Cabrera
439,Federico Fellini,,Federico Fellini,Tullio Pinelli,Leo Catozzo,,Giuseppe Amato,Angelo Rizzoli,Nino Rota,Marcello Mastroianni,Marcello Rubini,Anita Ekberg,Sylvia,Anouk Aimée,Maddalena
10340,Hamilton Luske,Wilfred Jackson,Don DaGradi,Erdman Penner,Donald Halliday,,Walt Disney,,Oliver Wallace,Barbara Luddy,Lady (voice),Larry Roberts,Tramp (voice),Peggy Lee,Darling / Si / Am / Peg (voice)
60141,Luiz Fernando Carvalho,,,,,,,,,Selton Mello,André,Raul Cortez,Father,Juliana Carneiro da Cunha,Mother
75491,Joann Sfar,Antoine Delesvaux,Sandrina Jardel,,Maryline Monthieux,,Joann Sfar,Antoine Delesvaux,Olivier Daviaud,François Morel,The Cat (voice),Hafsia Herzi,"Zlabya, the Rabbi's Daughter (voice)",Maurice Bénichou,The Rabbi (voice)
443463,Debra Granik,,Debra Granik,Anne Rosellini,Jane Rizzo,,Linda Reisman,Anne Harrison,Dickon Hinchliffe,Thomasin McKenzie,Tom,Ben Foster,Will,Jeff Kober,Mr. Walters
718032,Paul Thomas Anderson,,Paul Thomas Anderson,,Andy Jurgensen,,Paul Thomas Anderson,Daniel Lupi,Jonny Greenwood,Alana Haim,Alana Kane,Cooper Hoffman,Gary Valentine,Sean Penn,Jack Holden
1440,Todd Field,,Todd Field,Tom Perrotta,Leo Trombetta,,Todd Field,Albert Berger,Thomas Newman,Kate Winslet,Sarah Pierce,Jennifer Connelly,Kathy Adamson,Patrick Wilson,Brad Adamson
331482,Greta Gerwig,,Greta Gerwig,,Nick Houy,,Denise Di Novi,Robin Swicord,Alexandre Desplat,Saoirse Ronan,Josephine 'Jo' March,Florence Pugh,Amy March,Emma Watson,Margaret 'Meg' March
240832,Luc Besson,,,,Didier Lozahic,,Virginie Besson-Silla,,Éric Serra,Scarlett Johansson,Lucy Miller,Morgan Freeman,Professor Samuel Norman,Choi Min-sik,Mr. Jang
1913,Alejandro Amenábar,,Alejandro Amenábar,Mateo Gil,Alejandro Amenábar,,Fernando Bovaira,Alejandro Amenábar,Alejandro Amenábar,Javier Bardem,Ramón Sampedro,Belén Rueda,Julia,Lola Dueñas,Rosa
44754,Kenneth Lonergan,,,,Anne McCabe,Mike Fay,Sydney Pollack,Scott Rudin,Nico Muhly,Anna Paquin,Lisa Cohen,J. Smith-Cameron,Joan Cohen,Mark Ruffalo,Gerald Maretti
50839,J.C. Chandor,,J.C. Chandor,,Pete Beaudreau,,Zachary Quinto,Robert Ogden Barnum,Nathan Larson,Kevin Spacey,Sam Rogers,Zachary Quinto,Peter Sullivan,Simon Baker,Jared Cohen
24238,Adam Elliot,,,,Bill Murphy,,Melanie Coombs,,Dale Cornelius,Toni Collette,Mary Daisy Dinkle (voice),Philip Seymour Hoffman,Max Jerry Horovitz (voice),Eric Bana,Damien (voice)
624860,Lana Wachowski,,,,Joseph Jett Sally,,Grant Hill,Lana Wachowski,Tom Tykwer,Keanu Reeves,Thomas A. Anderson / Neo,Carrie-Anne Moss,Tiffany / Trinity,Yahya Abdul-Mateen II,Morpheus / Agent Smith
305603,Robert Michael Lewis,,John Harrison,Nevin Schreiner,Brian Q. Kelley,,Robert Michael Lewis,,,Nancy Allen,Alice,Nick Benedict,Mr. Bates,Olivia Brown,Brenda
615643,Lee Isaac Chung,,,,Harry Yoon,,Dede Gardner,Jeremy Kleiner,Emile Mosseri,Steven Yeun,Jacob,Han Yeri,Monica,Youn Yuh-jung,Soonja
83666,Wes Anderson,,,,Andrew Weisblum,,Scott Rudin,Wes Anderson,Alexandre Desplat,Bruce Willis,Captain Sharp,Jared Gilman,Sam Shakusky,Kara Hayward,Suzy Bishop
337401,Niki Caro,,Rick Jaffa,Amanda Silver,David Coulson,,Chris Bender,J.C. Spink,Harry Gregson-Williams,Liu Yifei,Hua Mulan,Tzi Ma,Hua Zhou,Donnie Yen,Commander Tung
25468,Louis Malle,,,,Suzanne Baron,,George W. George,Beverly Karp,,Wallace Shawn,Wally Shawn,Andre Gregory,Andre Gregory,Jean Lenauer,Waiter
129670,Alexander Payne,,,,Kevin Tent,,Albert Berger,Ron Yerxa,Mark Orton,Bruce Dern,Woody Grant,Will Forte,David Grant,June Squibb,Kate Grant
597208,Guillermo del Toro,,Guillermo del Toro,Kim Morgan,Cam McLauchlin,,Guillermo del Toro,J. Miles Dale,Nathan Johnson,Bradley Cooper,Stanton 'Stan' Carlisle,Cate Blanchett,Dr. Lilith Ritter,Toni Collette,Zeena 'Zeena the Seer' Krumbein
581734,Chloé Zhao,,Chloé Zhao,,Chloé Zhao,,Frances McDormand,Peter Spears,Ludovico Einaudi,Frances McDormand,Fern,David Strathairn,Dave,Linda May,Linda
75656,Louis Leterrier,,Ed Solomon,Boaz Yakin,Robert Leighton,Vincent Tabaillon,Bobby Cohen,Alex Kurtzman,Brian Tyler,Woody Harrelson,Merritt McKinney,Morgan Freeman,Thaddeus Bradley,Jesse Eisenberg,J. Daniel Atlas
32958,Luiz Villaça,,José Roberto Torero,Maurício Arruda,Umberto Martins,Maria Altberg,,,André Abujamra,Maria de Medeiros,Margherit,Marco Antonio Ribeiro,Roberto Carlos - 6 years,Paulinho Mendes,Roberto Carlos - 13 years
2013,Julian Schnabel,,Ronald Harwood,,Juliette Welfling,,Kathleen Kennedy,Jon Kilik,Paul Cantelon,Mathieu Amalric,Jean-Dominique Bauby,Emmanuelle Seigner,Céline Desmoulins,Marie-Josée Croze,Henriette Durand
508439,Dan Scanlon,,Dan Scanlon,Keith Bunin,Catherine Apple,,Kori Rae,,Mychael Danna,Tom Holland,Ian Lightfoot (voice),Chris Pratt,Barley Lightfoot (voice),Julia Louis-Dreyfus,Laurel Lightfoot (voice)
73919,Esmir Filho,,,,,,Maria Ionescu,Sara Silveira,,Ismael Caneppele,Julian,Tuane Eggers,Jingle Jangle,Henrique Larré,
50270,Tinto Brass,,,,Tinto Brass,,Augusto Caminito,,Riz Ortolani,Debora Caprioglio,Paprika,Stéphane Bonnet,Franco,Stéphane Ferrara,Rocco
77174,Sam Fell,Chris Butler,Chris Butler,,Christopher Murrie,,Travis Knight,Arianne Sutner,,Kodi Smit-McPhee,Norman Babcock (voice),Tucker Albrizzi,Neil Downe (voice),Jodelle Ferland,Aggie Prenderghast (voice)
86976,Toshiki Sato,,,,Naoki Kaneko,,Kazuto Morita,,,Ayaka Maeda,Ai Asaka,Masahiro Toda,"Bando, Ai's manager",Nao Omori,Toshihiko Horibe
2011,Vincent Paronnaud,Marjane Satrapi,Vincent Paronnaud,,Stéphane Roche,,Xavier Rigault,Marc-Antoine Robert,Olivier Bernet,Chiara Mastroianni,Marjane adulte et adolescente (voice),Danielle Darrieux,Grand-mère de Marjane (voice),Catherine Deneuve,Mère de Marjane (voice)
10693,Hamilton Luske,Wilfred Jackson,J.M. Barrie,,Donald Halliday,,Walt Disney,,Oliver Wallace,Bobby Driscoll,Peter Pan (voice),Kathryn Beaumont,Wendy Darling (voice),Hans Conried,Captain Hook / Mr. Darling (voice)
12104,Alan Parker,,Roger Waters,,Gerry Hambling,,Alan Marshall,,,Bob Geldof,Pink,Christine Hargreaves,Pink's Mother,James Laurenson,Pink's Father
71157,Maïwenn,,Emmanuelle Bercot,Maïwenn,Yann Dedet,Laure Gardette,Alain Attal,,Stephen Warbeck,Frédéric Pierrot,Baloo,JoeyStarr,Fred,Nicolas Duvauchelle,Mathieu
4348,Joe Wright,,Deborah Moggach,,Paul Tothill,,Tim Bevan,Eric Fellner,Dario Marianelli,Keira Knightley,Elizabeth Bennet,Matthew Macfadyen,Mr. Darcy,Brenda Blethyn,Mrs. Bennet
14337,Shane Carruth,,,,Shane Carruth,,Shane Carruth,,,Shane Carruth,Aaron,David Sullivan,Abe,Casey Gooden,Robert
458342,Tamara Jenkins,,,,Brian A. Kates,,Anthony Bregman,Stefanie Azpiazu,,Kathryn Hahn,Rachel Biegler,Paul Giamatti,Richard Grimes,Kayli Carter,Sadie Barrett
57979,João Jardim,,,,,,,,,,,,,,
568124,Byron Howard,Jared Bush,Jared Bush,Charise Castro Smith,,,Clark Spencer,Yvett Merino Flores,Germaine Franco,Stephanie Beatriz,Mirabel Madrigal (voice),María Cecilia Botero,Abuela Alma Madrigal (voice),John Leguizamo,Bruno Madrigal (voice)
809970,Piotr Domalewski,,Marcin Ciastoń,,Agnieszka Glińska,,Joanna Szymańska,,,Tomasz Zietek,Robert,Hubert Miłkowski,Arek,Adrianna Chlebicka,Halinka
487558,Spike Lee,,Spike Lee,Kevin Willmott,Barry Alexander Brown,,Sean McKittrick,Spike Lee,Terence Blanchard,John David Washington,Ron Stallworth,Adam Driver,Flip Zimmerman,Topher Grace,David Duke
671652,Marcus Raboy,,Taylor Tomlinson,,,,,,,Taylor Tomlinson,Herself,,,,
441924,Alex Cox,,,,Merritt Crocker,,Alex Cox,Merritt Crocker,,Adam Newberry,Wyatt Earp,Jesse Lee Pacheco,Johnny Behan,Christine Doidge,Kate
1833,Chris Columbus,,Stephen Chbosky,,Richard Pearson,,Robert De Niro,Jane Rosenthal,,Anthony Rapp,Mark Cohen,Adam Pascal,Roger Davis,Rosario Dawson,Mimi Marquez
641,Darren Aronofsky,,Darren Aronofsky,Hubert Selby Jr.,Jay Rabinowitz,,Eric Watson,Palmer West,Clint Mansell,Ellen Burstyn,Sara Goldfarb,Jared Leto,Harry Goldfarb,Jennifer Connelly,Marion Silver
1580,Alfred Hitchcock,,Arthur Laurents,,William H. Ziegler,,Alfred Hitchcock,Sidney Bernstein,,James Stewart,Rupert Cadell,John Dall,Brandon Shaw,Farley Granger,Phillip Morgan
57965,Cristiano Bortone,,,,,,,,,Luca Capriotti ,Mirco,Paolo Sassanelli,Don Giulio,Marco Cocci ,Ettore
140823,John Lee Hancock,,,,Mark Livolsi,,Philip Steuer,Alison Owen,Thomas Newman,Emma Thompson,P.L. Travers,Tom Hanks,Walt Disney,Colin Farrell,Travers Robert Goff
424,Steven Spielberg,,Steven Zaillian,,Michael Kahn,,Steven Spielberg,Branko Lustig,John Williams,Liam Neeson,Oskar Schindler,Ben Kingsley,Itzhak Stern,Ralph Fiennes,Amon Göth
273895,Ava DuVernay,,,,Spencer Averick,,Oprah Winfrey,Dede Gardner,Jason Moran,David Oyelowo,"Dr. Martin Luther King, Jr.",Tom Wilkinson,President Lyndon B. Johnson,Carmen Ejogo,Coretta Scott King
73861,Srđan Spasojević,,,,Darko Simic,,Srđan Spasojević,,Sky Wikluh,Srđan Todorović,Miloš,Sergej Trifunović,Vukmir,Jelena Gavrilović,Marija
273481,Denis Villeneuve,,,,Joe Walker,,Edward McDonnell,Molly Smith,Jóhann Jóhannsson,Emily Blunt,Kate Macer,Benicio del Toro,Alejandro Gillick,Josh Brolin,Matt Graver
10882,Clyde Geronimi,,Erdman Penner,,Roy M. Brewer Jr.,Donald Halliday,Walt Disney,,George Bruns,Mary Costa,Princess Aurora (voice),Bill Shirley,Prince Phillip (voice),Eleanor Audley,Maleficent (voice)
993,Joseph L. Mankiewicz,,Anthony Shaffer,,Richard Marden,,Morton Gottlieb,,John Addison,Laurence Olivier,Andrew Wyke,Michael Caine,Milo Tindle,Alec Cawthorne,Inspector Doppler
84341,James Ponsoldt,,,,Suzanne Spangler,,Andrea Sperling,Jonathan Schwartz,Eric D. Johnson,Mary Elizabeth Winstead,Kate Hannah,Aaron Paul,Charlie Hannah,Octavia Spencer,Jenny
408,David Hand,,Ted Sears,Richard Creedon,Bill Melendez,,Walt Disney,,Paul J. Smith,Adriana Caselotti,Snow White (voice) (uncredited),Lucille La Verne,Queen / Witch (voice) (uncredited),Harry Stockwell,Prince (voice) (uncredited)
429617,Jon Watts,,Erik Sommers,,Dan Lebental,Leigh Folsom Boyd,Kevin Feige,Amy Pascal,,Tom Holland,Peter Parker / Spider-Man,Samuel L. Jackson,Nick Fury,Jake Gyllenhaal,Quentin Beck / Mysterio
616651,Tom McCarthy,,Marcus Hinchey,,Tom McArdle,,Steve Golin,Liza Chasin,Mychael Danna,Matt Damon,Bill Baker,Abigail Breslin,Allison,Camille Cottin,Virginie
587248,Ryan Combs,,,,Kenneth Guertin,,Johnny DeaRenzo,,,Ryan Combs,Henry Alabaster,Jatone Smith,Gangster,Jules Dupree,K.K
64639,Rod Lurie,,David Zelag Goodman,Rod Lurie,Sarah Boyd,,Marc Frydman,,Larry Groupé,James Marsden,David Sumner,Kate Bosworth,Amy Sumner,Alexander Skarsgård,Charlie Venner
49020,Richard Ayoade,,,,Chris Dickens,Nick Fenton,Mark Herbert,Andy Stebbing,Andrew Hewitt,Noah Taylor,Lloyd Tate,Paddy Considine,Graham Purvis,Craig Roberts,Oliver Tate
30020,Abbas Kiarostami,,,,Abbas Kiarostami,,Abbas Kiarostami,,,Homayoun Ershadi,Mr. Badii,Abdolrahman Bagheri,Mr. Bagheri,Afshin Khorshid Bakhtiari,Soldier
37135,Kevin Lima,Chris Buck,Tab Murphy,Bob Tzudiker,,,Bonnie Arnold,,Mark Mancina,Tony Goldwyn,Tarzan (voice),Minnie Driver,Jane Porter (voice),Glenn Close,Kala (voice)
662612,Gabriel Oliveira,,,,Gabriel Oliveira,,,,,Amandine Vaxelaire,Woman,Thomas Dupuis,Man,,
123678,Joshua Oppenheimer,,,,Janus Billeskov Jansen,Nils Pagh Andersen,Christine Cynn,Anne Köhncke,,Anwar Congo,Himself,Herman Koto,Himself,Syamsul Arifin,Himself
414906,Matt Reeves,,,,William Hoy,Tyler Nelson,Matt Reeves,Dylan Clark,Michael Giacchino,Robert Pattinson,Bruce Wayne / The Batman,Zoë Kravitz,Selina Kyle / Catwoman,Paul Dano,Edward Nashton / The Riddler
318846,Adam McKay,,Adam McKay,Charles Randolph,Hank Corwin,,Brad Pitt,Arnon Milchan,Nicholas Britell,Christian Bale,Michael Burry,Steve Carell,Mark Baum,Ryan Gosling,Jared Vennett
537996,Joel Coen,Ethan Coen,Joel Coen,Ethan Coen,Joel Coen,Ethan Coen,Joel Coen,Ethan Coen,Carter Burwell,Tim Blake Nelson,"Buster Scruggs (segment ""The Ballad of Buster Scruggs"")",James Franco,"Cowboy (segment ""Near Algodones"")",Zoe Kazan,"Alice Longabaugh (segment ""The Gal Who Got Rattled"")"
444539,Isabel Coixet,,Isabel Coixet,,Bernat Aragonés,,Adolfo Blanco,Chris Curling,,Emily Mortimer,Florence Green,Bill Nighy,Mr. Brundish,Patricia Clarkson,Mrs. Violet Gamart
10315,Wes Anderson,,Noah Baumbach,,Stephen Perkins,Ralph Foster,Scott Rudin,Allison Abbate,,George Clooney,Mr. Fox (voice),Meryl Streep,Felicity Fox (voice),Jason Schwartzman,Ash Fox (voice)
565310,Lulu Wang,,Lulu Wang,,Matthew Friedman,Michael Taylor,Chris Weitz,Peter Saraf,Alex Weston,Awkwafina,Billi,Tzi Ma,Haiyan,Diana Lin,Jian
600354,Florian Zeller,,Christopher Hampton,Florian Zeller,Yorgos Lamprinos,,David Parfitt,Philippe Carcassonne,Ludovico Einaudi,Anthony Hopkins,Anthony,Olivia Colman,Anne,Mark Gatiss,The Man
162903,Bill Condon,,Josh Singer,,Virginia Katz,,Steve Golin,Michael Sugar,Carter Burwell,Benedict Cumberbatch,Julian Assange,Daniel Brühl,Daniel Domscheit-Berg,Anthony Mackie,Sam Coulson
446807,Fede Álvarez,,Steven Knight,Jay Basu,Tatiana S. Riegel,,Scott Rudin,Elizabeth Cantillon,Roque Baños,Claire Foy,Lisbeth Salander,Beau Gadsdon,Young Lisbeth Salander,Sverrir Gudnason,Mikael Blomkvist
120467,Wes Anderson,,Wes Anderson,,Barney Pilling,,Scott Rudin,Wes Anderson,Alexandre Desplat,Ralph Fiennes,Monsieur Gustave H.,Tony Revolori,Young Zero Moustafa,Adrien Brody,Dmitri Desgoffe-und-Taxis
316029,Michael Gracey,,Bill Condon,Jenny Bicks,Michael McCusker,Joe Hutshing,Laurence Mark,Jenno Topping,John Debney,Hugh Jackman,P. T. Barnum,Zac Efron,Phillip Carlyle,Michelle Williams,Charity Barnum
926899,Paloma Baeza,Niki Lindroth von Bahr,,,Barney Pilling,,Christopher O'Reilly,Charlotte Bavasso,Gustavo Santaolalla,Mia Goth,Mabel (voice),Matthew Goode,Raymond (voice),Claudie Blakley,Penelope (voice)
617653,Ridley Scott,,Ben Affleck,Matt Damon,Claire Simpson,,Ridley Scott,Jennifer Fox,Harry Gregson-Williams,Matt Damon,Sir Jean de Carrouges,Adam Driver,Jacques Le Gris,Jodie Comer,Marguerite de Carrouges
26331,Herbert Ross,,,,Edward Warschilka,,Herbert Ross,,Billy Goldenberg,Richard Benjamin,Tom,Dyan Cannon,Christine,James Coburn,Clinton Green
503919,Robert Eggers,,,,Louise Ford,,Jay Van Hoy,Robert Eggers,Mark Korven,Robert Pattinson,Thomas Howard,Willem Dafoe,Thomas Wake,Valeriia Karaman,Mermaid
8587,Roger Allers,Rob Minkoff,Jonathan Roberts,Linda Woolverton,Ivan Bilancio,,Don Hahn,,Hans Zimmer,Matthew Broderick,Simba (voice),James Earl Jones,King Mufasa (voice),Jeremy Irons,Scar (voice)
10144,Ron Clements,John Musker,,,Mark A. Hester,,John Musker,Howard Ashman,Alan Menken,Jodi Benson,Ariel (voice),Samuel E. Wright,Sebastian (voice),Pat Carroll,Ursula (voice)
1847,Robert Altman,,Leigh Brackett,Raymond Chandler,Lou Lombardo,,Elliott Kastner,Jerry Bick,John Williams,Elliott Gould,Philip Marlowe,Nina van Pallandt,Eileen Wade,Sterling Hayden,Roger Wade
121,Peter Jackson,,Peter Jackson,Fran Walsh,Michael Horton,,Barrie M. Osborne,Peter Jackson,Howard Shore,Elijah Wood,Frodo,Ian McKellen,Gandalf,Liv Tyler,Arwen
34576,Judith Ehrlich,Rick Goldsmith,,,Rick Goldsmith,Lawrence Lerew,,,Blake Leyh,Daniel Ellsberg,Self (Narraror),Patricia Ellsberg,Self,John Dean,Self - White House Counsel to President Nixon
84892,Stephen Chbosky,,Stephen Chbosky,,Mary Jo Markey,,John Malkovich,Lianne Halfon,Michael Brook,Logan Lerman,Charlie,Emma Watson,Sam,Ezra Miller,Patrick
600583,Jane Campion,,Jane Campion,,Peter Sciberras,,Jane Campion,Emile Sherman,Jonny Greenwood,Benedict Cumberbatch,Phil Burbank,Kodi Smit-McPhee,Peter Gordon,Kirsten Dunst,Rose Gordon-Burbank
10198,Ron Clements,John Musker,Ron Clements,John Musker,Jeff Draheim,,Peter Del Vecho,,Randy Newman,Anika Noni Rose,Tiana (voice),Bruno Campos,Prince Naveen (voice),Keith David,Dr. Facilier (voice)
11319,Wolfgang Reitherman,Art Stevens,,,James Melton,James Koford,Wolfgang Reitherman,,Artie Butler,Bob Newhart,Bernard (voice),Eva Gabor,Miss Bianca (voice),Geraldine Page,Madame Medusa (voice)
281957,Alejandro González Iñárritu,,Alejandro González Iñárritu,Mark L. Smith,Stephen Mirrione,,Steve Golin,Alejandro González Iñárritu,Ryuichi Sakamoto,Leonardo DiCaprio,Hugh Glass,Tom Hardy,John Fitzgerald,Domhnall Gleeson,Captain Andrew Henry
372343,Tomas Alfredson,,Matthew Michael Carnahan,Hossein Amini,Thelma Schoonmaker,Claire Simpson,Tim Bevan,Eric Fellner,,Michael Fassbender,Detective Harry Hole,Rebecca Ferguson,Katrine Bratt,Charlotte Gainsbourg,Rakel Fauke
157386,James Ponsoldt,,Scott Neustadter,Michael H. Weber,Darrin Navarro,,Shawn Levy,Andrew Lauren,Rob Simonsen,Miles Teller,Sutter Keely,Shailene Woodley,Aimee Finecky,Masam Holden,Ricky Mehlinger
436969,James Gunn,,,,Christian Wagner,Fred Raskin,Charles Roven,Peter Safran,John Murphy,Margot Robbie,Harleen Quinzel / Harley Quinn,Idris Elba,Robert DuBois / Bloodsport,John Cena,Christopher Smith / Peacemaker
727293,George Clooney,,William Monahan,,Tanya Swerling,,George Clooney,Ted Hope,Dara Taylor,Ben Affleck,Charlie Maguire,Tye Sheridan,J.R. Maguire,Lily Rabe,Dorothy Maguire
9662,Sylvain Chomet,,Sylvain Chomet,,Dominique Brune,Chantal Colibert Brunner,Didier Brunner,Viviane Vanfleteren,Benoît Charest,Suzy Falk,Les Triplettes (voice),Lina Boudreau,Les Triplettes (voice),Betty Bonifassi,Les Triplettes (voice)
629,Bryan Singer,,,,John Ottman,,Bryan Singer,Michael McDonnell,,Gabriel Byrne,Dean Keaton,Stephen Baldwin,Michael McManus,Kevin Spacey,Roger 'Verbal' Kint
619263,Gille Klabin,,,,Lana Wolverton,,Carl W. Lucas,Monte Young,,Justin Long,Frank,Tommy Flanagan,Aeolus,Katia Winter,Natalie
147773,Nat Faxon,Jim Rash,,,Tatiana S. Riegel,,Tom Rice,Kevin J. Walsh,Rob Simonsen,Liam James,Duncan,Steve Carell,Trent Ramsey,Toni Collette,Pam
284053,Taika Waititi,,,,Zene Baker,,Kevin Feige,,Mark Mothersbaugh,Chris Hemsworth,Thor Odinson,Tom Hiddleston,Loki,Cate Blanchett,Hela
359940,Martin McDonagh,,,,Jon Gregory,,Graham Broadbent,Martin McDonagh,Carter Burwell,Frances McDormand,Mildred Hayes,Sam Rockwell,Jason Dixon,Lucas Hedges,Robbie Hayes
537116,Lin-Manuel Miranda,,Steven Levenson,,Myron Kerstein,Andrew Weisblum,Brian Grazer,Ron Howard,,Andrew Garfield,Jonathan Larson,Alexandra Shipp,Susan Wilson,Robin de Jesús,Michael
65229,Céline Sciamma,,,,Julien Lacheray,,Bénédicte Couvreur,,Jean-Baptiste de Laubier,Zoé Héran,Laure / Mickaël,Malonn Lévana,Jeanne,Jeanne Disson,Lisa
396535,Yeon Sang-ho,,Yeon Sang-ho,,Yang Jin-mo,,Kim Yeon-ho,,Jang Yeong-gyu,Gong Yoo,Seok Woo,Jung Yu-mi,Sung Gyeong,Ma Dong-seok,Sang Hwa
627,Danny Boyle,,John Hodge,,Masahiro Hirakubo,,Andrew Macdonald,,,Ewan McGregor,"Mark ""Rent Boy"" Renton",Ewen Bremner,"Daniel ""Spud"" Murphy",Jonny Lee Miller,"Simon ""Sick Boy"" Williamson"
546,Duncan Tucker,,Duncan Tucker,,Pam Wise,,Rene Bastian,Linda Moran,David Mansfield,Felicity Huffman,"Sabrina ""Bree"" Osbourne / Stanley Schupak",Kevin Zegers,Toby Wilkins,Graham Greene,Calvin Many Goats
44945,David Schwimmer,,,,Douglas Crise,,Robert Greenhut,David Schwimmer,Nathan Larson,Clive Owen,"William ""Will"" Cameron",Catherine Keener,Lynn Cameron,Liana Liberato,Annie Cameron
46838,Eli Craig,,,,Bridget Durnford,,Deepak Nayar,Morgan Jurgenson,Mike Shields,Alan Tudyk,Tucker,Tyler Labine,Dale,Katrina Bowden,Allison
76543,Paddy Considine,,,,Pia Di Ciaula,,Diarmid Scrimshaw,,Dan Baker,Peter Mullan,Joseph,Olivia Colman,Hannah,Eddie Marsan,James
752,James McTeigue,,Lilly Wachowski,Lana Wachowski,Martin Walsh,,Joel Silver,Lorne Orleans,Dario Marianelli,Natalie Portman,Evey Hammond,Hugo Weaving,William Rookwood / V,Stephen Rea,Chief Inspector Eric Finch
339964,Luc Besson,,,,Julien Rey,,Luc Besson,Virginie Besson-Silla,,Dane DeHaan,Valerian,Cara Delevingne,Laureline,Clive Owen,Commander Arün Filitt
32636,Louis Malle,,David Mamet,Anton Chekhov,Nancy Baker,,Fred Berner,,,Wallace Shawn,Vanya,Julianne Moore,Yelena,Larry Pine,Dr. Astrov
76025,Steve McQueen,,Steve McQueen,Abi Morgan,Joe Walker,,Emile Sherman,Iain Canning,Harry Escott,Michael Fassbender,Brandon,Carey Mulligan,Sissy,James Badge Dale,David
8885,Ari Folman,,Ari Folman,,Nili Feller,,Gerhard Meixner,Roman Paul,Max Richter,Ari Folman,Himself (voice),Mickey Leon,Boaz Rein-Buskila (voice),Ori Sivan,Himself (voice)
13183,Zack Snyder,,David Hayter,Alex Tse,William Hoy,,Lawrence Gordon,Lloyd Levin,,Malin Åkerman,Laurie Jupiter / Silk Spectre II,Patrick Wilson,Dan Dreiberg / Nite Owl II,Billy Crudup,Jon Osterman / Dr. Manhattan
97690,Brian Knappenberger,,,,,,Brian Knappenberger,Lindsay Gillette,John Dragonetti,Anon2World,Himself,Anonyops,Himself - Anonymous,Julian Assange,"Himself - Founder, WikiLeaks (archive footage)"
71859,Lynne Ramsay,,Lynne Ramsay,Rory Stewart Kinnear,Joe Bini,,Jennifer Fox,Robert Salerno,Jonny Greenwood,Tilda Swinton,Eva Khatchadourian,John C. Reilly,Franklin Khatchadourian,Ezra Miller,"Kevin Khatchadourian, Teenager"
734593,Mahde Hasan,,,,,,,,,,,,,,
244786,Damien Chazelle,,Damien Chazelle,,Tom Cross,,David Lancaster,Michel Litvak,Justin Hurwitz,Miles Teller,Andrew Neiman,J.K. Simmons,Terence Fletcher,Paul Reiser,Jim Neiman
39013,Debra Granik,,Debra Granik,Anne Rosellini,Affonso Gonçalves,,Anne Rosellini,Alix Madigan,Dickon Hinchliffe,Jennifer Lawrence,Ree Dolly,John Hawkes,Teardrop,Kevin Breznahan,Little Arthur
464052,Patty Jenkins,,Patty Jenkins,Dave Callaham,Richard Pearson,,Charles Roven,Patty Jenkins,Hans Zimmer,Gal Gadot,Diana Prince / Wonder Woman,Chris Pine,Steve Trevor,Kristen Wiig,Barbara Minerva / Cheetah
11148,Lucía Puenzo,,Lucía Puenzo,,Hugo Primero,Alex Zito,José María Morales,Luis Puenzo,,Inés Efron,Alex,Martín Piroyansky,Álvaro,Ricardo Darín,Kraken
11878,Akira Kurosawa,,Akira Kurosawa,Ryûzô Kikushima,Akira Kurosawa,,Akira Kurosawa,,Masaru Satō,Toshiro Mifune,Sanjuro Kuwabatake / The Samurai,Tatsuya Nakadai,"Unosuke, gunfighter",Yôko Tsukasa,Nui
935,Stanley Kubrick,,Stanley Kubrick,Terry Southern,Anthony Harvey,,Stanley Kubrick,Victor Lyndon,Laurie Johnson,Peter Sellers,Group Capt. Lionel Mandrake / President Merkin Muffley / Dr. Strangelove,George C. Scott,"General ""Buck"" Turgidson",Sterling Hayden,Brigadier General Jack D. Ripper
13398,Satoshi Kon,,Satoshi Kon,Keiko Nobumoto,Takeshi Seyama,Kashiko Kimura,Masao Takiyama,Shinichi Kobayashi,Keiichi Suzuki,Aya Okamoto,Miyuki (voice),Yoshiaki Umegaki,Hana (voice),Tôru Emori,Gin (voice)
789,Jiří Menzel,,Jiří Menzel,Bohumil Hrabal,Jiřina Lukešová,,,,Jiří Šust,Václav Neckář,Trainee Milos Hrma,Jitka Scoffin,Conducteress Masa,Vladimír Valenta,Stationmaster Max
